Date,Amount,Balance,Description
9/1/2026,2000,4170.84,Magtape Credit Investecpbcs Dube
9/1/2026,-2000,2170.84,Payment To Investment Save
9/2/2026,-500,1670.84,Payshapid Off-Us Initial
9/2/2026,-1500,170.84,Payment To Investment Manage Later
9/3/2026,-1.04,169.8,
9/3/2026,-3,166.8,
9/3/2026,150,316.8,FNB App Transfer From Pool
9/3/2026,150,466.8,FNB App Transfer From Mcd
9/3/2026,150,616.8,FNB App Transfer From Mcd
9/3/2026,1500,2116.8,FNB App Transfer From Pertol
9/3/2026,-1500,616.8,Payshapid Off-Us Pertol
9/3/2026,65,681.8,Payshap Credit A Madonsela
9/3/2026,100,781.8,Payshap Credit A Zwane
9/3/2026,65,846.8,Payshap Credit Akhona'S Share
9/3/2026,177,1023.8,FNB App Transfer From Saving
9/3/2026,-8,1015.8,
9/3/2026,-37.99,977.81,POS Purchase 37.99 Spotifyza 457896*9280 02 Sep
9/4/2026,-3,974.81,
9/4/2026,65,1039.81,Payshap Credit M Ngcamu
9/4/2026,-800,239.81,FNB App Payment To Investing Ee-11698336
9/4/2026,800,1039.81,FNB App Transfer From Investing
9/4/2026,-450,589.81,Payshapid Off-Us Saving
9/4/2026,-7,582.81,POS Purchase Musgrave Centre 457896*9280 01 Sep
9/4/2026,-20,562.81,POS Purchase PNP Hpr South Coast 457896*9280 02 Sep
9/4/2026,-90,472.81,POS Purchase Eclectic 18 457896*9280 02 Sep
9/5/2026,-0.41,472.4,
9/5/2026,-3,469.4,
9/5/2026,200,669.4,Payshap Credit Tutu Toughees
9/5/2026,-200,469.4,Payshapid Off-Us Moive
9/5/2026,200,669.4,FNB App Transfer From Tutu School Shoes
9/5/2026,150,819.4,FNB App Transfer From Tutu School Shoes
9/5/2026,-8.66,810.74,POS Purchase Dl*Uber 457896*9280 03 Sep
9/5/2026,-35.9,774.84,POS Purchase Mcd Umbilo (0690) 457896*9280 03 Sep
9/5/2026,-39.93,734.91,POS Purchase Dl*Uber 457896*9280 03 Sep
9/5/2026,-49.93,684.98,POS Purchase Dl*Uber 457896*9280 03 Sep
9/5/2026,-98.8,586.18,POS Purchase Mcd Umbilo (0690) 457896*9280 03 Sep
9/5/2026,-122.7,463.48,POS Purchase Mcd Umbilo (0690) 457896*9280 03 Sep
9/5/2026,-14.99,448.49,POS Purchase 14.99 Apple.Com/Bil 457896*9280 03 Sep
9/5/2026,-56.1,392.39,Byc Debit 63087890109
9/8/2026,-8,384.39,
9/8/2026,-6,378.39,POS Purchase Servest Parking Gal 457896*9280 04 Sep
9/8/2026,-137.09,241.3,POS Purchase Pay Just Now 457896*9280 05 Sep
9/9/2026,180,421.3,FNB App Transfer From Cao
9/9/2026,-8,413.3,
9/9/2026,-8,405.3,
9/9/2026,-8,397.3,
9/9/2026,-10,387.3,POS Purchase The Pavilion Parkin 457896*9280 05 Sep
9/9/2026,-37.8,349.5,POS Purchase KFC True Blue Pavil 457896*9280 05 Sep
9/10/2026,-76.97,272.53,POS Purchase Shoprite Berea 457896*9280 08 Sep
9/11/2026,-250,22.53,POS Purchase Lesaka Alternative 457896*9280 09 Sep
9/12/2026,108,130.53,FNB App Transfer From Jus Incase
9/12/2026,215,345.53,Payshap Credit Standard Payshap
9/12/2026,-8,337.53,
9/12/2026,-8,329.53,
9/12/2026,-8,321.53,
9/12/2026,-8,313.53,
9/12/2026,-31.14,282.39,Byc Debit 63087890109
9/14/2026,-8,274.39,
9/14/2026,-50,224.39,Payshapid Off-Us Top Up
9/14/2026,800,1024.39,Payshap Credit Standard Payshap
9/14/2026,-800,224.39,Payshap Account Off-Us Syanda
9/15/2026,-8,216.39,
9/15/2026,-211,5.39,POS Purchase Takealot 457896*9280 12 Sep
9/16/2026,-8,2.61,
9/16/2026,-8,10.61,
9/19/2026,-8,18.61,
9/19/2026,-8,26.61,
9/19/2026,-8,34.61,
9/19/2026,-8,42.61,
9/21/2026,199,156.39,Magtape Unpaid Not Provided For
9/21/2026,-8,148.39,
9/21/2026,-8,140.39,
9/21/2026,-8,132.39,
9/21/2026,-199,66.61,Magtape Debit Gymcompany1896154_N 260921 260921
9/22/2026,-8,74.61,
9/22/2026,-8,82.61,
9/22/2026,-8,90.61,
9/22/2026,-8,98.61,
9/28/2026,211,112.39,Refund Chq Card Purchase Cr Vc Takealot 4578967024739280 4578967024739280
9/28/2026,0,112.39,"Cr.int.rate 4,71000"
9/30/2026,2000,2112.39,Payshap Credit Ht Dube
9/30/2026,-2000,112.39,Payshapid Off-Us Pertol
9/30/2026,-90,22.39,Payshapid Off-Us Thermal Paste
9/30/2026,10,32.39,FNB App Transfer From Thermal
9/30/2026,0.89,33.28,Credit Interest
9/30/2026,-0.89,32.39,Credit Int Paid To 63087890109
9/30/2026,-77,44.61,
