Date,Amount,Balance ,Description,,,,,,,,,,2026-08-01,-1.04,4110.55, #INT PYMT FEE-37.99 Spoti
2026-08-31,-0.65,2170.84, #SERVICE FEES,,,,,,,,,,2026-08-01,-71.76,4111.59, BYC DEBIT             63087890109
2026-08-31,-77,2171.49, #MONTHLY ACCOUNT FEE,,,,,,,,,,2026-08-01,-37.99,4183.35, 37.99 SpotifyZA     457896*9280  30 JUL
2026-08-31,-7.98,2248.49, CREDIT INT PAID TO    63087890109,,,,,,,,,,2026-08-01,-50,4221.34, iK *Izinkuni Wholes 457896*9280  29 JUL
2026-08-31,7.98,2256.47, CREDIT INTEREST,,,,,Name:, Siyabonga, Mkhize,,,2026-08-01,-30,4271.34, Yoco   *Green Rose  457896*9280  30 JUL
2026-08-31,-8,2248.49, DECLINED FOREIGN T 457896*9280  02 SEP,,,,,Account:,63087889376, [Easy Account],,,2026-08-01,2000,4301.34, INVESTECPBCS Dube
2026-08-31,1500,2256.49, CS Dube,,,,,Balance:,261.39,49.39,,,2026-08-03,-7,4103.55, MUSGRAVE CENTRE     457896*9280  30 JUL
2026-08-31,250,756.49, L PHETHA,,,,,,,,,,2026-08-04,-125,3866.55, iK *The Candy Shop3 457896*9280  31 JUL
2026-08-31,-1500,506.49, AON EXCESS,,,,,,,,,,2026-08-04,-65,3991.55, CANNALIFE PARADISE  457896*9280  02 AUG
2026-08-31,2000,2006.49, HT Dube,,,,,,,,,,2026-08-04,-40,4056.55, CheckersFX Athlone  457896*9280  02 AUG
2026-09-01,-2000,2170.84, SAVE,,,,,,,,,,2026-08-04,-7,4096.55, SERVEST PARKING Gal 457896*9280  31 JUL
2026-09-01,2000,4170.84, INVESTECPBCS Dube,,,,,,,,,,2026-08-05,-0.41,3769.15, #INT PYMT FEE-14.99 APPLE
2026-09-02,-1500,170.84, MANAGE LATER,,,,,,,,,,2026-08-05,-14.99,3769.56, 14.99 APPLE.COM/BIL 457896*9280  03 AUG
2026-09-02,-500,1670.84, Initial,,,,,,,,,,2026-08-05,-82,3784.55, CANNALIFE PARADISE  457896*9280  03 AUG
2026-09-03,-1.04,349.5, #INT PYMT FEE-37.99 Spoti,,,,,,,,,,2026-08-07,-273,3496.15, TAKEALOT            457896*9280  05 AUG
2026-09-03,-3,1043.85, #PAYMENTS BUNDLE FEE,,,,,,,,,,2026-08-08,-45.31,3275.14, BYC DEBIT             63087890109
2026-09-03,-37.99,981.85, 37.99 SpotifyZA     457896*9280  02 SEP,,,,,,,,,,2026-08-08,-175.7,3320.45, MCD Berea (0458)    457896*9280  06 AUG
2026-09-03,-8,1019.84, DECLINED PURCH TRA 457896*9280  02 SEP,,,,,,,,,,2026-08-11,-168.4,2271.24, 10.00 GITHUB
2026-09-03,177,1027.84, FNB APP TRANSFER FROM SAVING,,,,,,,,,,2026-08-11,-15.5,2439.64, oThongathi TapnGo   457896*9280  08 AUG
2026-09-03,65,850.84, Akhona's Share,,,,,,,,,,2026-08-11,-20,2455.14, SMART-AP PREPAID      AIRTIME 27679898434
2026-09-03,100,785.84, A Zwane,71000,,,,,,,,,2026-08-11,-800,2475.14, Syanda
2026-09-03,65,685.84, A MADONSELA,,,,,,,,,,2026-08-13,-60.8,2210.44, MCD Berea (0458)    457896*9280  11 AUG
2026-09-03,-1500,620.84, Pertol,,,,,,,,,,2026-08-15,-16.3,2194.14, BYC DEBIT             63087890109
2026-09-03,1500,2120.84, FNB APP TRANSFER FROM PERTOL,,,,,,,,,,2026-08-17,-240,1915.14, Yoco   *Erics Books 457896*9280  14 AUG
2026-09-03,150,620.84, FNB APP TRANSFER FROM MCD,,,,,,,,,,2026-08-17,-39,2155.14, TAKEALOT            457896*9280  14 AUG
2026-09-03,150,470.84, FNB APP TRANSFER FROM MCD,,,,,,,,,,2026-08-20,-300,1615.14, AE BEREA FC         457896*9280  17 AUG
2026-09-03,150,320.84, FNB APP TRANSFER FROM POOL,,,,,,,,,,2026-08-21,-199,1416.14, GYMCOMPANY1896154_N     260821
2026-09-04,-3,396.84, #PAYMENTS BUNDLE FEE,,,,,,,,,,2026-08-22,-500,985.16, AE SHERWOOD FC      457896*9280  19 AUG
2026-09-04,-90,476.85, ECLECTIC         18 457896*9280  02 SEP,,,,,,,,,,2026-08-22,-24.99,1485.16, Checkers Southway   457896*9280  20 AUG
2026-09-04,-20,566.85, PnP Hpr South Coast 457896*9280  02 SEP,,,,,,,,,,2026-08-22,-19.99,1510.15, Checkers Southway   457896*9280  20 AUG
2026-09-04,-7,586.85, MUSGRAVE CENTRE     457896*9280  01 SEP,,,,,,,,,,2026-08-22,-50,1530.14, SEND Siyabonga Yaris
2026-09-04,-450,593.85, Saving,,,,,,,,,,2026-08-22,-150,1580.14, CELL CASH WIT00835115 0000027658044478
2026-09-04,800,1043.85, FNB APP TRANSFER FROM INVESTING,,,,,,,,,,2026-08-22,46,1730.14, S DLAMINI
2026-09-04,-800,243.85, INVESTING,,,,,,,,,,2026-08-22,48,1684.14, FNB APP TRANSFER FROM MCD
2026-09-04,65,1046.85, M NGCAMU,,,,,,,,,,2026-08-22,70,1636.14, S DLAMINI
2026-09-05,-3,393.43, #PAYMENTS BUNDLE FEE,,,,,,,,,,2026-08-22,150,1566.14, FNB APP TRANSFER FROM PADEL BOAT
2026-09-05,-0.41,396.43, #INT PYMT FEE-14.99 APPLE,,,,,,,,,,2026-08-24,-250,300.19, AE KWAMAKUTHA FC    457896*9280  20 AUG
2026-09-05,-56.1,399.84, BYC DEBIT             63087890109,,,,,,,,,,2026-08-24,-236,550.19, GELMAR SOUTHWAY     457896*9280  20 AUG
2026-09-05,-14.99,455.94, 14.99 APPLE.COM/BIL 457896*9280  03 SEP,,,,,,,,,,2026-08-24,-160.97,786.19, Shoprite Berea      457896*9280  21 AUG
2026-09-05,-122.7,470.93, MCD Umbilo (0690)   457896*9280  03 SEP,,,,,,,,,,2026-08-24,-30,947.16, SUGAR HUBBLY     37 457896*9280  21 AUG
2026-09-05,-98.8,593.63, MCD Umbilo (0690)   457896*9280  03 SEP,,,,,,,,,,2026-08-24,-8,977.16, SUGAR HUBBLY     37 457896*9280  21 AUG
2026-09-05,-49.93,692.43, DL*UBER             457896*9280  03 SEP,,,,,,,,,,2026-08-25,-150,6.49, Yoco   *Cars Boats  457896*9280  22 AUG
2026-09-05,-39.93,742.36, DL*UBER             457896*9280  03 SEP,,,,,,,,,,2026-08-25,-103.7,156.49, MCD uShaka Marine(0 457896*9280  22 AUG
2026-09-05,-35.9,782.29, MCD Umbilo (0690)   457896*9280  03 SEP,,,,,,,,,,2026-08-25,-40,260.19, SPARKPORT OVERPORT  457896*9280  21 AUG
2026-09-05,-8.66,818.19, DL*UBER             457896*9280  03 SEP,,,,,,,,,,,,,
2026-09-05,150,826.85, FNB APP TRANSFER FROM TUTU SCHOOL SHOES,,,,,,,,,,,,,
2026-09-05,200,676.85, FNB APP TRANSFER FROM TUTU SCHOOL SHOES,,,,,,,,,,,,,
2026-09-05,-200,476.85, Moive,,,,,,,,,,,,,
2026-09-05,200,676.85, tutu toughees,,,,,,,,,,,,,
2026-09-08,-137.09,242.34, Pay Just Now        457896*9280  05 SEP,,,,,,,,,,,,,
2026-09-08,-6,379.43, SERVEST PARKING Gal 457896*9280  04 SEP,,,,,,,,,,,,,
2026-09-08,-8,385.43, DECLINED FOREIGN T 457896*9280  04 SEP,,,,,,,,,,,,,
2026-09-09,-37.8,350.54, KFC True Blue Pavil 457896*9280  05 SEP,,,,,,,,,,,,,
2026-09-09,-10,388.34, The Pavilion Parkin 457896*9280  05 SEP,,,,,,,,,,,,,
2026-09-09,-8,398.34, DECLINED FOREIGN T 457896*9280  05 SEP,,,,,,,,,,,,,
2026-09-09,-8,406.34, DECLINED FOREIGN T 457896*9280  05 SEP,,,,,,,,,,,,,
2026-09-09,-8,414.34, DECLINED FOREIGN T 457896*9280  05 SEP,,,,,,,,,,,,,
2026-09-09,180,422.34, FNB APP TRANSFER FROM CAO,,,,,,,,,,,,,
2026-09-10,-76.97,272.53, Shoprite Berea      457896*9280  08 SEP,,,,,,,,,,,,,
2026-09-11,-250,22.53, LESAKA ALTERNATIVE  457896*9280  09 SEP,,,,,,,,,,,,,
2026-09-12,-31.14,282.39, BYC DEBIT             63087890109,,,,,,,,,,,,,
2026-09-12,-8,313.53, DECLINED FOREIGN T 457896*9280  12 SEP,,,,,,,,,,,,,
2026-09-12,-8,321.53, DECLINED FOREIGN T 457896*9280  12 SEP,,,,,,,,,,,,,
2026-09-12,-8,329.53, DECLINED FOREIGN T 457896*9280  12 SEP,,,,,,,,,,,,,
2026-09-12,-8,337.53, DECLINED PURCH TRA 457896*9280  12 SEP,,,,,,,,,,,,,
2026-09-12,215,345.53, Standard payshap,,,,,,,,,,,,,
2026-09-12,108,130.53, FNB APP TRANSFER FROM JUS INCASE,,,,,,,,,,,,,
2026-09-14,-8,224.39, #PAYMENTS BUNDLE FEE,,,,,,,,,,,,,
2026-09-14,-800,232.39, Syanda,,,,,,,,,,,,,
2026-09-14,800,1032.39, Standard payshap,,,,,,,,,,,,,
2026-09-14,-50,232.39, Top up,,,,,,,,,,,,,
2026-09-15,-211,5.39, TAKEALOT            457896*9280  12 SEP,,,,,,,,,,,,,
2026-09-15,-8,216.39, DECLINED FOREIGN T 457896*9280  12 SEP,,,,,,,,,,,,,
2026-09-16,-8,-10.61, DECLINED FOREIGN T 457896*9280  25 SEP,,,,,,,,,,,,,
2026-09-16,-8,-2.61, DECLINED FOREIGN T 457896*9280  25 SEP,,,,,,,,,,,,,
2026-09-19,-8,-42.61, DECLINED FOREIGN T 457896*9280  25 SEP,,,,,,,,,,,,,
2026-09-19,-8,-34.61, DECLINED FOREIGN T 457896*9280  25 SEP,,,,,,,,,,,,,
2026-09-19,-8,-26.61, DECLINED FOREIGN T 457896*9280  25 SEP,,,,,,,,,,,,,
2026-09-19,-8,-18.61, DECLINED PURCH TRA 457896*9280  25 SEP,,,,,,,,,,,,,
2026-09-21,-8,-66.61, #ITEM UNPAID NO FUNDS 07,,,,,,,,,,,,,
2026-09-21,199,-58.61, MAGTAPE UNPAID,,,,,,,,,,,,,
2026-09-21,-199,-257.61, GYMCOMPANY1896154_N     260921,,,,,,,,,,,,,
2026-09-21,-8,-58.61, DECLINED PURCH TRA 457896*9280  25 SEP,,,,,,,,,,,,,
2026-09-21,-8,-50.61, DECLINED PURCH TRA 457896*9280  25 SEP,,,,,,,,,,,,,
2026-09-22,-8,-98.61, DECLINED FOREIGN T 457896*9280  25 SEP,,,,,,,,,,,,,
2026-09-22,-8,-90.61, DECLINED FOREIGN T 457896*9280  25 SEP,,,,,,,,,,,,,
2026-09-22,-8,-82.61, DECLINED FOREIGN T 457896*9280  25 SEP,,,,,,,,,,,,,
2026-09-22,-8,-74.61, DECLINED FOREIGN T 457896*9280  25 SEP,,,,,,,,,,,,,
2026-09-28,0,112.39, CR.INT.RATE   4,,,,,,,,,,,,,
2026-09-28,211,112.39, TAKEALOT            457896*9280  25 SEP,,,,,,,,,,,,,
2026-09-30,-6,-50.61, #PAYMENTS BUNDLE FEE,,,,,,,,,,,,,
2026-09-30,-77,-44.61, #MONTHLY ACCOUNT FEE,,,,,,,,,,,,,
2026-09-30,-0.89,32.39, CREDIT INT PAID TO    63087890109,,,,,,,,,,,,,
2026-09-30,0.89,33.28, CREDIT INTEREST,,,,,,,,,,,,,
2026-09-30,10,32.39, FNB APP TRANSFER FROM THERMAL,,,,,,,,,,,,,
2026-09-30,-90,22.39, Thermal paste,,,,,,,,,,,,,
2026-09-30,-2000,112.39, Pertol,,,,,,,,,,,,,
2026-09-30,2000,2112.39, HT Dube,,,,,,,,,,,,,
2026-10-01,2000,1949.39, INVESTECPBCS Dube,,,,,,,,,,,,,
2026-10-02,-1900,49.39, TO BE DISTRIBUTED,,,,,,,,,,,,,
2026-10-03,212,261.39, FNB APP TRANSFER FROM MIRROR,,,,,,,,,,,,,
2026-10-03,-800,49.39, INVESTING,,,,,,,,,,,,,
2026-10-03,800,849.39, FNB APP TRANSFER FROM EASY EQUITY,,,,,,,,,,,,,
,,,,,,,,,,,,,,,,
,,,,,,,,,,,,,,,,
,,,,,,,,,,,,,,,,
,,,,,,,,,,,,,,,,
,,,,,,,,,,,,,,,,
,,,,,,,,,,,,,,,,
,,,,,,,,,,,,,,,,
,,,,,,,,,,,,,,,,
,,,,,,,,,,,,,,,,
,,,,,,,,,,,,,,,,
,,,,,,,,,,,,,,,,
,,,,,,,,,,,,,,,,
,,,,,,,,,,,,,,,,
,,,,,,,,,,,,,,,,
,,,,,,,,,,,,,,,,
,,,,,,,,,,,,,,,,
,,,,,,,,,,,,,,,,
,,,,,,,,,,,,,,,,
,,,,,,,,,,,,,,,,
,,,,,,,,,,,,,,,,
,,,,,,,,,,,,,,,,
,,,,,,,,,,,,,,,,
,,,,,,,,,,,,,,,,
,,,,,,,,,,,,,,,,
,,,,,,,,,,,,,,,,
,,,,,,,,,,,,,,,,
,,,,,,,,,,,,,,,,
,,,,,,,,,,,,,,,,
,,,,,,,,,,,,,,,,
,,,, INC.  457896*9280  07 AUG,,,,,,,,,,,,
,,,,,,,,,,,,,,,,
,,,,,,,,,,,,,,,,
,,,,,,,,,,,,,,,,
,,,,,,,,,,,,,,,,
,,,,,,,,,,,,,,,,
,,,,,,,,,,,,,,,,
,,,,,,,,,,,,,,,,
,,,,,,,,,,,,,,,,
,,,,,,,,,,,,,,,,
,,,,,,,,,,,,,,,,
,,,,,,,,,,,,,,,,
,,,,,,,,,,,,,,,,
,,,,,,,,,,,,,,,,
,,,,,,,,,,,,,,,,
